{
  "accuracy": 0.5600445806631373,
  "macro_f1": 0.47120989549078723,
  "per_class_f1": [
    0.4264264264264264,
    0.17721518987341772,
    0.2005420054200542,
    0.8242009132420092,
    0.5667915106117354,
    0.40582347588717016,
    0.6974697469746974
  ],
  "per_class_precision": [
    0.41929133858267714,
    0.2916666666666667,
    0.3523809523809524,
    0.827033218785796,
    0.4651639344262295,
    0.4415841584158416,
    0.6430020283975659
  ],
  "per_class_recall": [
    0.43380855397148677,
    0.12727272727272726,
    0.14015151515151514,
    0.8213879408418657,
    0.7252396166134185,
    0.37542087542087543,
    0.7620192307692307
  ],
  "f1_angry": 0.4264264264264264,
  "f1_disgust": 0.17721518987341772,
  "f1_fear": 0.2005420054200542,
  "f1_happy": 0.8242009132420092,
  "f1_neutral": 0.5667915106117354,
  "f1_sad": 0.40582347588717016,
  "f1_surprise": 0.6974697469746974
}