{
  "accuracy": 0.24742268041237114,
  "macro_f1": 0.06202040324449254,
  "f1_angry": 0.03802281368821293,
  "f1_disgust": 0.0,
  "f1_fear": 0.0,
  "f1_happy": 0.39612000902323485,
  "f1_neutral": 0.0,
  "f1_sad": 0.0,
  "f1_surprise": 0.0
}