{
  "accuracy": 0.5271663415993313,
  "macro_f1": 0.43403910772515564,
  "per_class_f1": [
    0.3901477832512315,
    0.15,
    0.119533527696793,
    0.7884940778341794,
    0.5340246273493195,
    0.3957968476357268,
    0.6602768903088392
  ],
  "per_class_precision": [
    0.37786259541984735,
    0.24,
    0.25949367088607594,
    0.7818791946308725,
    0.44929116684841874,
    0.4124087591240876,
    0.5927342256214149
  ],
  "per_class_recall": [
    0.40325865580448067,
    0.10909090909090909,
    0.07765151515151515,
    0.7952218430034129,
    0.65814696485623,
    0.38047138047138046,
    0.7451923076923077
  ],
  "f1_angry": 0.3901477832512315,
  "f1_disgust": 0.15,
  "f1_fear": 0.119533527696793,
  "f1_happy": 0.7884940778341794,
  "f1_neutral": 0.5340246273493195,
  "f1_sad": 0.3957968476357268,
  "f1_surprise": 0.6602768903088392
}