{
  "accuracy": 0.49986068542769574,
  "macro_f1": 0.41857762545498983,
  "f1_angry": 0.374749498997996,
  "f1_disgust": 0.0,
  "f1_fear": 0.22828282828282828,
  "f1_happy": 0.7593650793650794,
  "f1_neutral": 0.5114551083591331,
  "f1_sad": 0.391304347826087,
  "f1_surprise": 0.664886515353805
}