{
  "accuracy": 0.5380328782390638,
  "macro_f1": 0.4109384916014737,
  "f1_angry": 0.4244817374136229,
  "f1_disgust": 0.0,
  "f1_fear": 0.09965635738831616,
  "f1_happy": 0.7668650793650794,
  "f1_neutral": 0.5320476460578559,
  "f1_sad": 0.364572605561277,
  "f1_surprise": 0.6889460154241646
}