{
  "accuracy": 0.5589300640847032,
  "macro_f1": 0.433003489790886,
  "per_class_f1": [
    0.46473029045643155,
    0.0,
    0.0773286467486819,
    0.8063420158550396,
    0.5658536585365853,
    0.4052532833020638,
    0.7115165336374002
  ],
  "per_class_precision": [
    0.39215686274509803,
    0.0,
    0.5365853658536586,
    0.8027057497181511,
    0.45759368836291914,
    0.4576271186440678,
    0.6767895878524945
  ],
  "per_class_recall": [
    0.570264765784114,
    0.0,
    0.041666666666666664,
    0.8100113765642776,
    0.7412140575079872,
    0.36363636363636365,
    0.75
  ],
  "f1_angry": 0.46473029045643155,
  "f1_disgust": 0.0,
  "f1_fear": 0.0773286467486819,
  "f1_happy": 0.8063420158550396,
  "f1_neutral": 0.5658536585365853,
  "f1_sad": 0.4052532833020638,
  "f1_surprise": 0.7115165336374002
}