{
  "accuracy": 0.5449986068542769,
  "macro_f1": 0.4329176476038107,
  "f1_angry": 0.43795620437956206,
  "f1_disgust": 0.0,
  "f1_fear": 0.14308426073131955,
  "f1_happy": 0.7933618843683083,
  "f1_neutral": 0.5233494363929146,
  "f1_sad": 0.44414715719063547,
  "f1_surprise": 0.6885245901639344
}