{
  "accuracy": 0.5338534410699359,
  "macro_f1": 0.40992406963299033,
  "f1_angry": 0.3903002309468822,
  "f1_disgust": 0.0,
  "f1_fear": 0.06486486486486487,
  "f1_happy": 0.8014981273408239,
  "f1_neutral": 0.5199754148740012,
  "f1_sad": 0.4261631827376939,
  "f1_surprise": 0.6666666666666666
}