{
  "accuracy": 0.6333240456951797,
  "macro_f1": 0.5340839242208981,
  "per_class_f1": [
    0.55765595463138,
    0.06896551724137931,
    0.37485714285714283,
    0.8619340413638904,
    0.6306179775280899,
    0.5029838022165388,
    0.7415730337078652
  ],
  "per_class_precision": [
    0.5202821869488536,
    0.6666666666666666,
    0.47262247838616717,
    0.8472527472527472,
    0.5626566416040101,
    0.5094991364421416,
    0.7714285714285715
  ],
  "per_class_recall": [
    0.6008146639511202,
    0.03636363636363636,
    0.3106060606060606,
    0.8771331058020477,
    0.7172523961661342,
    0.49663299663299665,
    0.7139423076923077
  ],
  "f1_angry": 0.55765595463138,
  "f1_disgust": 0.06896551724137931,
  "f1_fear": 0.37485714285714283,
  "f1_happy": 0.8619340413638904,
  "f1_neutral": 0.6306179775280899,
  "f1_sad": 0.5029838022165388,
  "f1_surprise": 0.7415730337078652
}