{
  "accuracy": 0.6297018668152689,
  "macro_f1": 0.5997590036049623,
  "per_class_f1": [
    0.5633528265107213,
    0.5714285714285714,
    0.3777292576419214,
    0.8542600896860987,
    0.6234132581100141,
    0.48424842484248426,
    0.7238805970149254
  ],
  "per_class_precision": [
    0.5401869158878505,
    0.53125,
    0.44587628865979384,
    0.8419889502762431,
    0.5580808080808081,
    0.5203094777562862,
    0.75
  ],
  "per_class_recall": [
    0.5885947046843177,
    0.6181818181818182,
    0.32765151515151514,
    0.8668941979522184,
    0.7060702875399361,
    0.45286195286195285,
    0.6995192307692307
  ],
  "f1_angry": 0.5633528265107213,
  "f1_disgust": 0.5714285714285714,
  "f1_fear": 0.3777292576419214,
  "f1_happy": 0.8542600896860987,
  "f1_neutral": 0.6234132581100141,
  "f1_sad": 0.48424842484248426,
  "f1_surprise": 0.7238805970149254
}