{
  "accuracy": 0.4494288102535525,
  "macro_f1": 0.3786352396959312,
  "f1_angry": 0.3013698630136986,
  "f1_disgust": 0.16317016317016317,
  "f1_fear": 0.10122699386503067,
  "f1_happy": 0.7297464440321583,
  "f1_neutral": 0.4723969252271139,
  "f1_sad": 0.2794759825327511,
  "f1_surprise": 0.603060306030603
}