{
  "accuracy": 0.6168849261632767,
  "macro_f1": 0.5760313978902856,
  "per_class_f1": [
    0.55,
    0.49523809523809526,
    0.33613445378151263,
    0.8558404558404559,
    0.6254343293954134,
    0.4652360515021459,
    0.7043363994743759
  ],
  "per_class_precision": [
    0.48966613672496023,
    0.52,
    0.45901639344262296,
    0.8573059360730594,
    0.5535055350553506,
    0.4746059544658494,
    0.7768115942028986
  ],
  "per_class_recall": [
    0.6272912423625254,
    0.4727272727272727,
    0.26515151515151514,
    0.8543799772468714,
    0.7188498402555911,
    0.4562289562289562,
    0.6442307692307693
  ],
  "f1_angry": 0.55,
  "f1_disgust": 0.49523809523809526,
  "f1_fear": 0.33613445378151263,
  "f1_happy": 0.8558404558404559,
  "f1_neutral": 0.6254343293954134,
  "f1_sad": 0.4652360515021459,
  "f1_surprise": 0.7043363994743759
}