{
  "accuracy": 0.5305098913346336,
  "macro_f1": 0.46453902221242444,
  "f1_angry": 0.30528846153846156,
  "f1_disgust": 0.3292181069958848,
  "f1_fear": 0.18491484184914841,
  "f1_happy": 0.8175182481751825,
  "f1_neutral": 0.5687583444592791,
  "f1_sad": 0.36380090497737555,
  "f1_surprise": 0.6822742474916388
}