{
  "accuracy": 0.6333240456951797,
  "macro_f1": 0.5340839242208981,
  "f1_angry": 0.55765595463138,
  "f1_disgust": 0.06896551724137931,
  "f1_fear": 0.37485714285714283,
  "f1_happy": 0.8619340413638904,
  "f1_neutral": 0.6306179775280899,
  "f1_sad": 0.5029838022165388,
  "f1_surprise": 0.7415730337078652
}