{
  "accuracy": 0.6191139593201449,
  "macro_f1": 0.510146856071651,
  "per_class_f1": [
    0.5342831700801425,
    0.0,
    0.33729216152019004,
    0.8579481397970687,
    0.6306179775280899,
    0.4979114452798663,
    0.7129750982961992
  ],
  "per_class_precision": [
    0.47468354430379744,
    0.0,
    0.45222929936305734,
    0.8502793296089386,
    0.5626566416040101,
    0.494195688225539,
    0.7838616714697406
  ],
  "per_class_recall": [
    0.6109979633401222,
    0.0,
    0.2689393939393939,
    0.8657565415244596,
    0.7172523961661342,
    0.5016835016835017,
    0.6538461538461539
  ],
  "f1_angry": 0.5342831700801425,
  "f1_disgust": 0.0,
  "f1_fear": 0.33729216152019004,
  "f1_happy": 0.8579481397970687,
  "f1_neutral": 0.6306179775280899,
  "f1_sad": 0.4979114452798663,
  "f1_surprise": 0.7129750982961992
}