{
  "accuracy": 0.4374477570353859,
  "macro_f1": 0.31990228033394985,
  "f1_angry": 0.28004410143329656,
  "f1_disgust": 0.0,
  "f1_fear": 0.2936170212765957,
  "f1_happy": 0.6894463667820069,
  "f1_neutral": 0.4619377162629758,
  "f1_sad": 0.2570093457943925,
  "f1_surprise": 0.2572614107883817
}