{
  "accuracy": 0.6177208135971023,
  "macro_f1": 0.50942289177183,
  "per_class_f1": [
    0.5225563909774437,
    0.0,
    0.33373063170441003,
    0.8534090909090909,
    0.615595075239398,
    0.5042158516020236,
    0.7364532019704434
  ],
  "per_class_precision": [
    0.4851657940663176,
    0.0,
    0.45016077170418006,
    0.8524404086265607,
    0.5382775119617225,
    0.5050675675675675,
    0.7550505050505051
  ],
  "per_class_recall": [
    0.5661914460285132,
    0.0,
    0.26515151515151514,
    0.8543799772468714,
    0.7188498402555911,
    0.5033670033670034,
    0.71875
  ],
  "f1_angry": 0.5225563909774437,
  "f1_disgust": 0.0,
  "f1_fear": 0.33373063170441003,
  "f1_happy": 0.8534090909090909,
  "f1_neutral": 0.615595075239398,
  "f1_sad": 0.5042158516020236,
  "f1_surprise": 0.7364532019704434
}