{
  "accuracy": 0.6258010587907495,
  "macro_f1": 0.5172038694507661,
  "f1_angry": 0.5531914893617021,
  "f1_disgust": 0.03508771929824561,
  "f1_fear": 0.32587064676616917,
  "f1_happy": 0.8580968280467446,
  "f1_neutral": 0.6370370370370371,
  "f1_sad": 0.48342059336823734,
  "f1_surprise": 0.7277227722772277
}