{
  "accuracy": 0.24547227640011146,
  "macro_f1": 0.06073594749552937,
  "f1_angry": 0.0,
  "f1_disgust": 0.0,
  "f1_fear": 0.0,
  "f1_happy": 0.3934056007226739,
  "f1_neutral": 0.0,
  "f1_sad": 0.031746031746031744,
  "f1_surprise": 0.0
}