{
  "accuracy": 0.5536361103371412,
  "macro_f1": 0.4788051567230208,
  "per_class_f1": [
    0.4274028629856851,
    0.2641509433962264,
    0.19759679572763686,
    0.8206583427922814,
    0.5598548972188634,
    0.387037037037037,
    0.6949352179034158
  ],
  "per_class_precision": [
    0.42915811088295686,
    0.27450980392156865,
    0.334841628959276,
    0.8187995469988675,
    0.45038910505836577,
    0.43004115226337447,
    0.6812933025404158
  ],
  "per_class_recall": [
    0.4256619144602851,
    0.2545454545454545,
    0.14015151515151514,
    0.8225255972696246,
    0.7396166134185304,
    0.35185185185185186,
    0.7091346153846154
  ],
  "f1_angry": 0.4274028629856851,
  "f1_disgust": 0.2641509433962264,
  "f1_fear": 0.19759679572763686,
  "f1_happy": 0.8206583427922814,
  "f1_neutral": 0.5598548972188634,
  "f1_sad": 0.387037037037037,
  "f1_surprise": 0.6949352179034158
}