{
  "accuracy": 0.6138200055725829,
  "macro_f1": 0.5689346634569713,
  "per_class_f1": [
    0.537121906507791,
    0.45098039215686275,
    0.3372365339578454,
    0.8485193621867881,
    0.6140602582496413,
    0.45993031358885017,
    0.7346938775510204
  ],
  "per_class_precision": [
    0.48833333333333334,
    0.48936170212765956,
    0.44171779141104295,
    0.8494868871151653,
    0.5572916666666666,
    0.47653429602888087,
    0.7338129496402878
  ],
  "per_class_recall": [
    0.5967413441955194,
    0.41818181818181815,
    0.2727272727272727,
    0.8475540386803185,
    0.6837060702875399,
    0.4444444444444444,
    0.7355769230769231
  ],
  "f1_angry": 0.537121906507791,
  "f1_disgust": 0.45098039215686275,
  "f1_fear": 0.3372365339578454,
  "f1_happy": 0.8485193621867881,
  "f1_neutral": 0.6140602582496413,
  "f1_sad": 0.45993031358885017,
  "f1_surprise": 0.7346938775510204
}