{
  "accuracy": 0.56143772638618,
  "macro_f1": 0.4464407848532158,
  "f1_angry": 0.4601449275362319,
  "f1_disgust": 0.0,
  "f1_fear": 0.19881305637982197,
  "f1_happy": 0.8160351455244371,
  "f1_neutral": 0.5541871921182266,
  "f1_sad": 0.40625,
  "f1_surprise": 0.6896551724137931
}