{
  "accuracy": 0.616049038729451,
  "macro_f1": 0.5084561987843056,
  "per_class_f1": [
    0.5371621621621622,
    0.0,
    0.3415233415233415,
    0.8428874734607219,
    0.6190476190476191,
    0.48982785602503914,
    0.728744939271255
  ],
  "per_class_precision": [
    0.4588744588744589,
    0.0,
    0.486013986013986,
    0.7900497512437811,
    0.6368243243243243,
    0.45760233918128657,
    0.8307692307692308
  ],
  "per_class_recall": [
    0.6476578411405295,
    0.0,
    0.26325757575757575,
    0.9032992036405005,
    0.6022364217252396,
    0.5269360269360269,
    0.6490384615384616
  ],
  "f1_angry": 0.5371621621621622,
  "f1_disgust": 0.0,
  "f1_fear": 0.3415233415233415,
  "f1_happy": 0.8428874734607219,
  "f1_neutral": 0.6190476190476191,
  "f1_sad": 0.48982785602503914,
  "f1_surprise": 0.728744939271255
}