{
  "accuracy": 0.6277514628030092,
  "macro_f1": 0.5812932515475235,
  "per_class_f1": [
    0.5452812202097236,
    0.4631578947368421,
    0.32558139534883723,
    0.8618721461187214,
    0.6349862258953168,
    0.4890829694323144,
    0.7490909090909091
  ],
  "per_class_precision": [
    0.5125448028673835,
    0.55,
    0.42168674698795183,
    0.8648339060710195,
    0.5581113801452785,
    0.5081669691470054,
    0.7555012224938875
  ],
  "per_class_recall": [
    0.5824847250509165,
    0.4,
    0.26515151515151514,
    0.8589306029579067,
    0.7364217252396166,
    0.4713804713804714,
    0.7427884615384616
  ],
  "f1_angry": 0.5452812202097236,
  "f1_disgust": 0.4631578947368421,
  "f1_fear": 0.32558139534883723,
  "f1_happy": 0.8618721461187214,
  "f1_neutral": 0.6349862258953168,
  "f1_sad": 0.4890829694323144,
  "f1_surprise": 0.7490909090909091
}