{
  "accuracy": 0.49428810253552524,
  "macro_f1": 0.4224002896329398,
  "f1_angry": 0.3590633130962706,
  "f1_disgust": 0.3246753246753247,
  "f1_fear": 0.1308411214953271,
  "f1_happy": 0.7529812606473595,
  "f1_neutral": 0.5113562621674238,
  "f1_sad": 0.2467986030267753,
  "f1_surprise": 0.6310861423220974
}