{
  "accuracy": 0.2613541376427974,
  "macro_f1": 0.14261232324607237,
  "f1_angry": 0.03816793893129771,
  "f1_disgust": 0.0,
  "f1_fear": 0.03197158081705151,
  "f1_happy": 0.3970336565887051,
  "f1_neutral": 0.07187112763320942,
  "f1_sad": 0.20568070519098922,
  "f1_surprise": 0.2535612535612536
}